"","ssrm","hsr","ssr","ha","sa","sy","d"
"1",0.1,1,0.1,0,0.1,0.1,0.35
"2",0.1,1,0.1,0,0.1,0.2,0.25
"3",0.1,1,0.1,0,0.1,0.2,0.4
"4",0.1,1,0.1,0,0.1,0.3,0.45
"5",0.1,1,0.1,0,0.1,0.4,0.3
"6",0.1,1,0.1,0,0.2,0.1,0.35
"7",0.1,1,0.1,0,0.2,0.2,0.25
"8",0.1,1,0.1,0,0.2,0.2,0.4
"9",0.1,1,0.1,0,0.2,0.3,0.45
"10",0.1,1,0.1,0,0.2,0.4,0.3
"11",0.1,1,0.1,0,0.3,0.1,0.35
"12",0.1,1,0.1,0,0.3,0.2,0.25
"13",0.1,1,0.1,0,0.3,0.2,0.4
"14",0.1,1,0.1,0,0.3,0.3,0.45
"15",0.1,1,0.1,0,0.3,0.4,0.3
"16",0.1,1,0.1,0,0.4,0.1,0.35
"17",0.1,1,0.1,0,0.4,0.2,0.25
"18",0.1,1,0.1,0,0.4,0.2,0.4
"19",0.1,1,0.1,0,0.4,0.3,0.45
"20",0.1,1,0.1,0,0.4,0.4,0.3
"21",0.1,1,0.1,0,0.5,0.1,0.35
"22",0.1,1,0.1,0,0.5,0.2,0.25
"23",0.1,1,0.1,0,0.5,0.2,0.4
"24",0.1,1,0.1,0,0.5,0.3,0.45
"25",0.1,1,0.1,0,0.5,0.4,0.3
"26",0.1,1,0.1,0,0.6,0.1,0.35
"27",0.1,1,0.1,0,0.6,0.2,0.25
"28",0.1,1,0.1,0,0.6,0.2,0.4
"29",0.1,1,0.1,0,0.6,0.3,0.45
"30",0.1,1,0.1,0,0.6,0.4,0.3
"31",0.1,1,0.1,0,0.7,0.1,0.35
"32",0.1,1,0.1,0,0.7,0.2,0.25
"33",0.1,1,0.1,0,0.7,0.2,0.4
"34",0.1,1,0.1,0,0.7,0.3,0.45
"35",0.1,1,0.1,0,0.7,0.4,0.3
"36",0.1,1,0.1,0,0.8,0.1,0.35
"37",0.1,1,0.1,0,0.8,0.2,0.25
"38",0.1,1,0.1,0,0.8,0.2,0.4
"39",0.1,1,0.1,0,0.8,0.3,0.45
"40",0.1,1,0.1,0,0.8,0.4,0.3
"41",0.1,1,0.1,0,0.9,0.1,0.35
"42",0.1,1,0.1,0,0.9,0.2,0.25
"43",0.1,1,0.1,0,0.9,0.2,0.4
"44",0.1,1,0.1,0,0.9,0.3,0.45
"45",0.1,1,0.1,0,0.9,0.4,0.3
"46",0.1,1,0.1,0,0,0.1,0.35
"47",0.1,1,0.1,0,0,0.2,0.25
"48",0.1,1,0.1,0,0,0.2,0.4
"49",0.1,1,0.1,0,0,0.3,0.45
"50",0.1,1,0.1,0,0,0.4,0.3
"51",0.1,1,0.1,0,1,0.1,0.35
"52",0.1,1,0.1,0,1,0.2,0.25
"53",0.1,1,0.1,0,1,0.2,0.4
"54",0.1,1,0.1,0,1,0.3,0.45
"55",0.1,1,0.1,0,1,0.4,0.3
"56",0.1,1,0.2,0,0.1,0.1,0.4
"57",0.1,1,0.2,0,0.1,0.2,0.35
"58",0.1,1,0.2,0,0.1,0.2,0.45
"59",0.1,1,0.2,0,0.1,0.3,0.35
"60",0.1,1,0.2,0,0.1,0.3,0.5
"61",0.1,1,0.2,0,0.1,0.4,0.35
"62",0.1,1,0.2,0,0.1,0.5,0.35
"63",0.1,1,0.2,0,0.1,0.6,0.35
"64",0.1,1,0.2,0,0.2,0.1,0.4
"65",0.1,1,0.2,0,0.2,0.2,0.35
"66",0.1,1,0.2,0,0.2,0.2,0.45
"67",0.1,1,0.2,0,0.2,0.3,0.35
"68",0.1,1,0.2,0,0.2,0.3,0.5
"69",0.1,1,0.2,0,0.2,0.4,0.35
"70",0.1,1,0.2,0,0.2,0.5,0.35
"71",0.1,1,0.2,0,0.2,0.6,0.35
"72",0.1,1,0.2,0,0.3,0.1,0.4
"73",0.1,1,0.2,0,0.3,0.2,0.35
"74",0.1,1,0.2,0,0.3,0.2,0.45
"75",0.1,1,0.2,0,0.3,0.3,0.35
"76",0.1,1,0.2,0,0.3,0.3,0.5
"77",0.1,1,0.2,0,0.3,0.4,0.35
"78",0.1,1,0.2,0,0.3,0.5,0.35
"79",0.1,1,0.2,0,0.3,0.6,0.35
"80",0.1,1,0.2,0,0.4,0.1,0.4
"81",0.1,1,0.2,0,0.4,0.2,0.35
"82",0.1,1,0.2,0,0.4,0.2,0.45
"83",0.1,1,0.2,0,0.4,0.3,0.35
"84",0.1,1,0.2,0,0.4,0.3,0.5
"85",0.1,1,0.2,0,0.4,0.4,0.35
"86",0.1,1,0.2,0,0.4,0.5,0.35
"87",0.1,1,0.2,0,0.4,0.6,0.35
"88",0.1,1,0.2,0,0.5,0.1,0.4
"89",0.1,1,0.2,0,0.5,0.2,0.35
"90",0.1,1,0.2,0,0.5,0.2,0.45
"91",0.1,1,0.2,0,0.5,0.3,0.35
"92",0.1,1,0.2,0,0.5,0.3,0.5
"93",0.1,1,0.2,0,0.5,0.4,0.35
"94",0.1,1,0.2,0,0.5,0.5,0.35
"95",0.1,1,0.2,0,0.5,0.6,0.35
"96",0.1,1,0.2,0,0.6,0.1,0.4
"97",0.1,1,0.2,0,0.6,0.2,0.35
"98",0.1,1,0.2,0,0.6,0.2,0.45
"99",0.1,1,0.2,0,0.6,0.3,0.35
"100",0.1,1,0.2,0,0.6,0.3,0.5
"101",0.1,1,0.2,0,0.6,0.4,0.35
"102",0.1,1,0.2,0,0.6,0.5,0.35
"103",0.1,1,0.2,0,0.6,0.6,0.35
"104",0.1,1,0.2,0,0.7,0.1,0.4
"105",0.1,1,0.2,0,0.7,0.2,0.35
"106",0.1,1,0.2,0,0.7,0.2,0.45
"107",0.1,1,0.2,0,0.7,0.3,0.35
"108",0.1,1,0.2,0,0.7,0.3,0.5
"109",0.1,1,0.2,0,0.7,0.4,0.35
"110",0.1,1,0.2,0,0.7,0.5,0.35
"111",0.1,1,0.2,0,0.7,0.6,0.35
"112",0.1,1,0.2,0,0.8,0.1,0.4
"113",0.1,1,0.2,0,0.8,0.2,0.35
"114",0.1,1,0.2,0,0.8,0.2,0.45
"115",0.1,1,0.2,0,0.8,0.3,0.35
"116",0.1,1,0.2,0,0.8,0.3,0.5
"117",0.1,1,0.2,0,0.8,0.4,0.35
"118",0.1,1,0.2,0,0.8,0.5,0.35
"119",0.1,1,0.2,0,0.8,0.6,0.35
"120",0.1,1,0.2,0,0.9,0.1,0.4
"121",0.1,1,0.2,0,0.9,0.2,0.35
"122",0.1,1,0.2,0,0.9,0.2,0.45
"123",0.1,1,0.2,0,0.9,0.3,0.35
"124",0.1,1,0.2,0,0.9,0.3,0.5
"125",0.1,1,0.2,0,0.9,0.4,0.35
"126",0.1,1,0.2,0,0.9,0.5,0.35
"127",0.1,1,0.2,0,0.9,0.6,0.35
"128",0.1,1,0.2,0,0,0.1,0.4
"129",0.1,1,0.2,0,0,0.2,0.35
"130",0.1,1,0.2,0,0,0.2,0.45
"131",0.1,1,0.2,0,0,0.3,0.35
"132",0.1,1,0.2,0,0,0.3,0.5
"133",0.1,1,0.2,0,0,0.4,0.35
"134",0.1,1,0.2,0,0,0.5,0.35
"135",0.1,1,0.2,0,0,0.6,0.35
"136",0.1,1,0.2,0,1,0.1,0.4
"137",0.1,1,0.2,0,1,0.2,0.35
"138",0.1,1,0.2,0,1,0.2,0.45
"139",0.1,1,0.2,0,1,0.3,0.35
"140",0.1,1,0.2,0,1,0.3,0.5
"141",0.1,1,0.2,0,1,0.4,0.35
"142",0.1,1,0.2,0,1,0.5,0.35
"143",0.1,1,0.2,0,1,0.6,0.35
"144",0.2,1,0.1,0,0.1,0.1,0.3
"145",0.2,1,0.1,0,0.1,0.1,0.35
"146",0.2,1,0.1,0,0.1,0.1,0.5
"147",0.2,1,0.1,0,0.1,0.2,0.3
"148",0.2,1,0.1,0,0.1,0.3,0.4
"149",0.2,1,0.1,0,0.1,0.4,0.4
"150",0.2,1,0.1,0,0.2,0.1,0.3
"151",0.2,1,0.1,0,0.2,0.1,0.35
"152",0.2,1,0.1,0,0.2,0.1,0.5
"153",0.2,1,0.1,0,0.2,0.2,0.3
"154",0.2,1,0.1,0,0.2,0.3,0.4
"155",0.2,1,0.1,0,0.2,0.4,0.4
"156",0.2,1,0.1,0,0.3,0.1,0.3
"157",0.2,1,0.1,0,0.3,0.1,0.35
"158",0.2,1,0.1,0,0.3,0.1,0.5
"159",0.2,1,0.1,0,0.3,0.2,0.3
"160",0.2,1,0.1,0,0.3,0.3,0.4
"161",0.2,1,0.1,0,0.3,0.4,0.4
"162",0.2,1,0.1,0,0.4,0.1,0.3
"163",0.2,1,0.1,0,0.4,0.1,0.35
"164",0.2,1,0.1,0,0.4,0.1,0.5
"165",0.2,1,0.1,0,0.4,0.2,0.3
"166",0.2,1,0.1,0,0.4,0.3,0.4
"167",0.2,1,0.1,0,0.4,0.4,0.4
"168",0.2,1,0.1,0,0.5,0.1,0.3
"169",0.2,1,0.1,0,0.5,0.1,0.35
"170",0.2,1,0.1,0,0.5,0.1,0.5
"171",0.2,1,0.1,0,0.5,0.2,0.3
"172",0.2,1,0.1,0,0.5,0.3,0.4
"173",0.2,1,0.1,0,0.5,0.4,0.4
"174",0.2,1,0.1,0,0.6,0.1,0.3
"175",0.2,1,0.1,0,0.6,0.1,0.35
"176",0.2,1,0.1,0,0.6,0.1,0.5
"177",0.2,1,0.1,0,0.6,0.2,0.3
"178",0.2,1,0.1,0,0.6,0.3,0.4
"179",0.2,1,0.1,0,0.6,0.4,0.4
"180",0.2,1,0.1,0,0.7,0.1,0.3
"181",0.2,1,0.1,0,0.7,0.1,0.35
"182",0.2,1,0.1,0,0.7,0.1,0.5
"183",0.2,1,0.1,0,0.7,0.2,0.3
"184",0.2,1,0.1,0,0.7,0.3,0.4
"185",0.2,1,0.1,0,0.7,0.4,0.4
"186",0.2,1,0.1,0,0.8,0.1,0.3
"187",0.2,1,0.1,0,0.8,0.1,0.35
"188",0.2,1,0.1,0,0.8,0.1,0.5
"189",0.2,1,0.1,0,0.8,0.2,0.3
"190",0.2,1,0.1,0,0.8,0.3,0.4
"191",0.2,1,0.1,0,0.8,0.4,0.4
"192",0.2,1,0.1,0,0.9,0.1,0.3
"193",0.2,1,0.1,0,0.9,0.1,0.35
"194",0.2,1,0.1,0,0.9,0.1,0.5
"195",0.2,1,0.1,0,0.9,0.2,0.3
"196",0.2,1,0.1,0,0.9,0.3,0.4
"197",0.2,1,0.1,0,0.9,0.4,0.4
"198",0.2,1,0.1,0,0,0.1,0.3
"199",0.2,1,0.1,0,0,0.1,0.35
"200",0.2,1,0.1,0,0,0.1,0.5
"201",0.2,1,0.1,0,0,0.2,0.3
"202",0.2,1,0.1,0,0,0.3,0.4
"203",0.2,1,0.1,0,0,0.4,0.4
"204",0.2,1,0.1,0,1,0.1,0.3
"205",0.2,1,0.1,0,1,0.1,0.35
"206",0.2,1,0.1,0,1,0.1,0.5
"207",0.2,1,0.1,0,1,0.2,0.3
"208",0.2,1,0.1,0,1,0.3,0.4
"209",0.2,1,0.1,0,1,0.4,0.4
"210",0.2,1,0.2,0,0.1,0.1,0.5
"211",0.2,1,0.2,0,0.1,0.2,0.5
"212",0.2,1,0.2,0,0.1,0.3,0.45
"213",0.2,1,0.2,0,0.1,0.4,0.45
"214",0.2,1,0.2,0,0.1,0.5,0.45
"215",0.2,1,0.2,0,0.1,0.6,0.45
"216",0.2,1,0.2,0,0.1,0.7,0.45
"217",0.2,1,0.2,0,0.1,0.8,0.45
"218",0.2,1,0.2,0,0.2,0.1,0.5
"219",0.2,1,0.2,0,0.2,0.2,0.5
"220",0.2,1,0.2,0,0.2,0.3,0.45
"221",0.2,1,0.2,0,0.2,0.4,0.45
"222",0.2,1,0.2,0,0.2,0.5,0.45
"223",0.2,1,0.2,0,0.2,0.6,0.45
"224",0.2,1,0.2,0,0.2,0.7,0.45
"225",0.2,1,0.2,0,0.2,0.8,0.45
"226",0.2,1,0.2,0,0.3,0.1,0.5
"227",0.2,1,0.2,0,0.3,0.2,0.5
"228",0.2,1,0.2,0,0.3,0.3,0.45
"229",0.2,1,0.2,0,0.3,0.4,0.45
"230",0.2,1,0.2,0,0.3,0.5,0.45
"231",0.2,1,0.2,0,0.3,0.6,0.45
"232",0.2,1,0.2,0,0.3,0.7,0.45
"233",0.2,1,0.2,0,0.3,0.8,0.45
"234",0.2,1,0.2,0,0.4,0.1,0.5
"235",0.2,1,0.2,0,0.4,0.2,0.5
"236",0.2,1,0.2,0,0.4,0.3,0.45
"237",0.2,1,0.2,0,0.4,0.4,0.45
"238",0.2,1,0.2,0,0.4,0.5,0.45
"239",0.2,1,0.2,0,0.4,0.6,0.45
"240",0.2,1,0.2,0,0.4,0.7,0.45
"241",0.2,1,0.2,0,0.4,0.8,0.45
"242",0.2,1,0.2,0,0.5,0.1,0.5
"243",0.2,1,0.2,0,0.5,0.2,0.5
"244",0.2,1,0.2,0,0.5,0.3,0.45
"245",0.2,1,0.2,0,0.5,0.4,0.45
"246",0.2,1,0.2,0,0.5,0.5,0.45
"247",0.2,1,0.2,0,0.5,0.6,0.45
"248",0.2,1,0.2,0,0.5,0.7,0.45
"249",0.2,1,0.2,0,0.5,0.8,0.45
"250",0.2,1,0.2,0,0.6,0.1,0.5
"251",0.2,1,0.2,0,0.6,0.2,0.5
"252",0.2,1,0.2,0,0.6,0.3,0.45
"253",0.2,1,0.2,0,0.6,0.4,0.45
"254",0.2,1,0.2,0,0.6,0.5,0.45
"255",0.2,1,0.2,0,0.6,0.6,0.45
"256",0.2,1,0.2,0,0.6,0.7,0.45
"257",0.2,1,0.2,0,0.6,0.8,0.45
"258",0.2,1,0.2,0,0.7,0.1,0.5
"259",0.2,1,0.2,0,0.7,0.2,0.5
"260",0.2,1,0.2,0,0.7,0.3,0.45
"261",0.2,1,0.2,0,0.7,0.4,0.45
"262",0.2,1,0.2,0,0.7,0.5,0.45
"263",0.2,1,0.2,0,0.7,0.6,0.45
"264",0.2,1,0.2,0,0.7,0.7,0.45
"265",0.2,1,0.2,0,0.7,0.8,0.45
"266",0.2,1,0.2,0,0.8,0.1,0.5
"267",0.2,1,0.2,0,0.8,0.2,0.5
"268",0.2,1,0.2,0,0.8,0.3,0.45
"269",0.2,1,0.2,0,0.8,0.4,0.45
"270",0.2,1,0.2,0,0.8,0.5,0.45
"271",0.2,1,0.2,0,0.8,0.6,0.45
"272",0.2,1,0.2,0,0.8,0.7,0.45
"273",0.2,1,0.2,0,0.8,0.8,0.45
"274",0.2,1,0.2,0,0.9,0.1,0.5
"275",0.2,1,0.2,0,0.9,0.2,0.5
"276",0.2,1,0.2,0,0.9,0.3,0.45
"277",0.2,1,0.2,0,0.9,0.4,0.45
"278",0.2,1,0.2,0,0.9,0.5,0.45
"279",0.2,1,0.2,0,0.9,0.6,0.45
"280",0.2,1,0.2,0,0.9,0.7,0.45
"281",0.2,1,0.2,0,0.9,0.8,0.45
"282",0.2,1,0.2,0,0,0.1,0.5
"283",0.2,1,0.2,0,0,0.2,0.5
"284",0.2,1,0.2,0,0,0.3,0.45
"285",0.2,1,0.2,0,0,0.4,0.45
"286",0.2,1,0.2,0,0,0.5,0.45
"287",0.2,1,0.2,0,0,0.6,0.45
"288",0.2,1,0.2,0,0,0.7,0.45
"289",0.2,1,0.2,0,0,0.8,0.45
"290",0.2,1,0.2,0,1,0.1,0.5
"291",0.2,1,0.2,0,1,0.2,0.5
"292",0.2,1,0.2,0,1,0.3,0.45
"293",0.2,1,0.2,0,1,0.4,0.45
"294",0.2,1,0.2,0,1,0.5,0.45
"295",0.2,1,0.2,0,1,0.6,0.45
"296",0.2,1,0.2,0,1,0.7,0.45
"297",0.2,1,0.2,0,1,0.8,0.45
"298",0.3,1,0.1,0,0.1,0.1,0.4
"299",0.3,1,0.1,0,0.1,0.1,0.45
"300",0.3,1,0.1,0,0.1,0.2,0.4
"301",0.3,1,0.1,0,0.1,0.2,0.45
"302",0.3,1,0.1,0,0.1,0.3,0.4
"303",0.3,1,0.1,0,0.2,0.1,0.4
"304",0.3,1,0.1,0,0.2,0.1,0.45
"305",0.3,1,0.1,0,0.2,0.2,0.4
"306",0.3,1,0.1,0,0.2,0.2,0.45
"307",0.3,1,0.1,0,0.2,0.3,0.4
"308",0.3,1,0.1,0,0.3,0.1,0.4
"309",0.3,1,0.1,0,0.3,0.1,0.45
"310",0.3,1,0.1,0,0.3,0.2,0.4
"311",0.3,1,0.1,0,0.3,0.2,0.45
"312",0.3,1,0.1,0,0.3,0.3,0.4
"313",0.3,1,0.1,0,0.4,0.1,0.4
"314",0.3,1,0.1,0,0.4,0.1,0.45
"315",0.3,1,0.1,0,0.4,0.2,0.4
"316",0.3,1,0.1,0,0.4,0.2,0.45
"317",0.3,1,0.1,0,0.4,0.3,0.4
"318",0.3,1,0.1,0,0.5,0.1,0.4
"319",0.3,1,0.1,0,0.5,0.1,0.45
"320",0.3,1,0.1,0,0.5,0.2,0.4
"321",0.3,1,0.1,0,0.5,0.2,0.45
"322",0.3,1,0.1,0,0.5,0.3,0.4
"323",0.3,1,0.1,0,0.6,0.1,0.4
"324",0.3,1,0.1,0,0.6,0.1,0.45
"325",0.3,1,0.1,0,0.6,0.2,0.4
"326",0.3,1,0.1,0,0.6,0.2,0.45
"327",0.3,1,0.1,0,0.6,0.3,0.4
"328",0.3,1,0.1,0,0.7,0.1,0.4
"329",0.3,1,0.1,0,0.7,0.1,0.45
"330",0.3,1,0.1,0,0.7,0.2,0.4
"331",0.3,1,0.1,0,0.7,0.2,0.45
"332",0.3,1,0.1,0,0.7,0.3,0.4
"333",0.3,1,0.1,0,0.8,0.1,0.4
"334",0.3,1,0.1,0,0.8,0.1,0.45
"335",0.3,1,0.1,0,0.8,0.2,0.4
"336",0.3,1,0.1,0,0.8,0.2,0.45
"337",0.3,1,0.1,0,0.8,0.3,0.4
"338",0.3,1,0.1,0,0.9,0.1,0.4
"339",0.3,1,0.1,0,0.9,0.1,0.45
"340",0.3,1,0.1,0,0.9,0.2,0.4
"341",0.3,1,0.1,0,0.9,0.2,0.45
"342",0.3,1,0.1,0,0.9,0.3,0.4
"343",0.3,1,0.1,0,0,0.1,0.4
"344",0.3,1,0.1,0,0,0.1,0.45
"345",0.3,1,0.1,0,0,0.2,0.4
"346",0.3,1,0.1,0,0,0.2,0.45
"347",0.3,1,0.1,0,0,0.3,0.4
"348",0.3,1,0.1,0,1,0.1,0.4
"349",0.3,1,0.1,0,1,0.1,0.45
"350",0.3,1,0.1,0,1,0.2,0.4
"351",0.3,1,0.1,0,1,0.2,0.45
"352",0.3,1,0.1,0,1,0.3,0.4
"353",0,1,0.1,0,0.1,0.1,0.5
"354",0,1,0.1,0,0.2,0.1,0.5
"355",0,1,0.1,0,0.3,0.1,0.5
"356",0,1,0.1,0,0.4,0.1,0.5
"357",0,1,0.1,0,0.5,0.1,0.5
"358",0,1,0.1,0,0.6,0.1,0.5
"359",0,1,0.1,0,0.7,0.1,0.5
"360",0,1,0.1,0,0.8,0.1,0.5
"361",0,1,0.1,0,0.9,0.1,0.5
"362",0,1,0.1,0,0,0.1,0.5
"363",0,1,0.1,0,1,0.1,0.5
"364",0,1,0.2,0,0.1,0.1,0.45
"365",0,1,0.2,0,0.1,0.2,0.3
"366",0,1,0.2,0,0.2,0.1,0.45
"367",0,1,0.2,0,0.2,0.2,0.3
"368",0,1,0.2,0,0.3,0.1,0.45
"369",0,1,0.2,0,0.3,0.2,0.3
"370",0,1,0.2,0,0.4,0.1,0.45
"371",0,1,0.2,0,0.4,0.2,0.3
"372",0,1,0.2,0,0.5,0.1,0.45
"373",0,1,0.2,0,0.5,0.2,0.3
"374",0,1,0.2,0,0.6,0.1,0.45
"375",0,1,0.2,0,0.6,0.2,0.3
"376",0,1,0.2,0,0.7,0.1,0.45
"377",0,1,0.2,0,0.7,0.2,0.3
"378",0,1,0.2,0,0.8,0.1,0.45
"379",0,1,0.2,0,0.8,0.2,0.3
"380",0,1,0.2,0,0.9,0.1,0.45
"381",0,1,0.2,0,0.9,0.2,0.3
"382",0,1,0.2,0,0,0.1,0.45
"383",0,1,0.2,0,0,0.2,0.3
"384",0,1,0.2,0,1,0.1,0.45
"385",0,1,0.2,0,1,0.2,0.3
"386",0,1,0.3,0,0.1,0.2,0.45
"387",0,1,0.3,0,0.2,0.2,0.45
"388",0,1,0.3,0,0.3,0.2,0.45
"389",0,1,0.3,0,0.4,0.2,0.45
"390",0,1,0.3,0,0.5,0.2,0.45
"391",0,1,0.3,0,0.6,0.2,0.45
"392",0,1,0.3,0,0.7,0.2,0.45
"393",0,1,0.3,0,0.8,0.2,0.45
"394",0,1,0.3,0,0.9,0.2,0.45
"395",0,1,0.3,0,0,0.2,0.45
"396",0,1,0.3,0,1,0.2,0.45
"397",0.1,1,0.1,0.5,0.1,0.1,0.35
"398",0.1,1,0.1,0.5,0.1,0.2,0.25
"399",0.1,1,0.1,0.5,0.1,0.2,0.4
"400",0.1,1,0.1,0.5,0.1,0.3,0.45
"401",0.1,1,0.1,0.5,0.1,0.4,0.3
"402",0.1,1,0.1,0.5,0.2,0.1,0.35
"403",0.1,1,0.1,0.5,0.2,0.2,0.25
"404",0.1,1,0.1,0.5,0.2,0.2,0.4
"405",0.1,1,0.1,0.5,0.2,0.3,0.45
"406",0.1,1,0.1,0.5,0.2,0.4,0.3
"407",0.1,1,0.1,0.5,0.3,0.1,0.35
"408",0.1,1,0.1,0.5,0.3,0.2,0.4
"409",0.1,1,0.1,0.5,0.3,0.3,0.45
"410",0.1,1,0.1,0.5,0.3,0.4,0.3
"411",0.1,1,0.1,0.5,0.4,0.1,0.35
"412",0.1,1,0.1,0.5,0.4,0.2,0.4
"413",0.1,1,0.1,0.5,0.4,0.3,0.45
"414",0.1,1,0.1,0.5,0.4,0.4,0.3
"415",0.1,1,0.1,0.5,0.5,0.2,0.4
"416",0.1,1,0.1,0.5,0.5,0.3,0.45
"417",0.1,1,0.1,0.5,0.5,0.4,0.3
"418",0.1,1,0.1,0.5,0.6,0.2,0.4
"419",0.1,1,0.1,0.5,0.6,0.3,0.45
"420",0.1,1,0.1,0.5,0.7,0.2,0.4
"421",0.1,1,0.1,0.5,0.7,0.3,0.45
"422",0.1,1,0.1,0.5,0.8,0.2,0.4
"423",0.1,1,0.1,0.5,0.8,0.3,0.45
"424",0.1,1,0.1,0.5,0.9,0.3,0.45
"425",0.1,1,0.1,0.5,0,0.1,0.35
"426",0.1,1,0.1,0.5,0,0.2,0.25
"427",0.1,1,0.1,0.5,0,0.2,0.4
"428",0.1,1,0.1,0.5,0,0.3,0.45
"429",0.1,1,0.1,0.5,0,0.4,0.3
"430",0.1,1,0.1,0.5,1,0.3,0.45
"431",0.1,1,0.2,0.5,0.1,0.1,0.4
"432",0.1,1,0.2,0.5,0.1,0.2,0.35
"433",0.1,1,0.2,0.5,0.1,0.2,0.45
"434",0.1,1,0.2,0.5,0.1,0.3,0.35
"435",0.1,1,0.2,0.5,0.1,0.3,0.5
"436",0.1,1,0.2,0.5,0.1,0.4,0.35
"437",0.1,1,0.2,0.5,0.1,0.5,0.35
"438",0.1,1,0.2,0.5,0.1,0.6,0.35
"439",0.1,1,0.2,0.5,0.2,0.1,0.4
"440",0.1,1,0.2,0.5,0.2,0.2,0.35
"441",0.1,1,0.2,0.5,0.2,0.2,0.45
"442",0.1,1,0.2,0.5,0.2,0.3,0.35
"443",0.1,1,0.2,0.5,0.2,0.3,0.5
"444",0.1,1,0.2,0.5,0.2,0.4,0.35
"445",0.1,1,0.2,0.5,0.2,0.5,0.35
"446",0.1,1,0.2,0.5,0.2,0.6,0.35
"447",0.1,1,0.2,0.5,0.3,0.1,0.4
"448",0.1,1,0.2,0.5,0.3,0.2,0.35
"449",0.1,1,0.2,0.5,0.3,0.2,0.45
"450",0.1,1,0.2,0.5,0.3,0.3,0.35
"451",0.1,1,0.2,0.5,0.3,0.3,0.5
"452",0.1,1,0.2,0.5,0.3,0.4,0.35
"453",0.1,1,0.2,0.5,0.3,0.5,0.35
"454",0.1,1,0.2,0.5,0.3,0.6,0.35
"455",0.1,1,0.2,0.5,0.4,0.1,0.4
"456",0.1,1,0.2,0.5,0.4,0.2,0.35
"457",0.1,1,0.2,0.5,0.4,0.2,0.45
"458",0.1,1,0.2,0.5,0.4,0.3,0.35
"459",0.1,1,0.2,0.5,0.4,0.3,0.5
"460",0.1,1,0.2,0.5,0.4,0.4,0.35
"461",0.1,1,0.2,0.5,0.4,0.5,0.35
"462",0.1,1,0.2,0.5,0.4,0.6,0.35
"463",0.1,1,0.2,0.5,0.5,0.1,0.4
"464",0.1,1,0.2,0.5,0.5,0.2,0.35
"465",0.1,1,0.2,0.5,0.5,0.2,0.45
"466",0.1,1,0.2,0.5,0.5,0.3,0.35
"467",0.1,1,0.2,0.5,0.5,0.3,0.5
"468",0.1,1,0.2,0.5,0.5,0.4,0.35
"469",0.1,1,0.2,0.5,0.5,0.5,0.35
"470",0.1,1,0.2,0.5,0.5,0.6,0.35
"471",0.1,1,0.2,0.5,0.6,0.1,0.4
"472",0.1,1,0.2,0.5,0.6,0.2,0.35
"473",0.1,1,0.2,0.5,0.6,0.2,0.45
"474",0.1,1,0.2,0.5,0.6,0.3,0.35
"475",0.1,1,0.2,0.5,0.6,0.3,0.5
"476",0.1,1,0.2,0.5,0.6,0.4,0.35
"477",0.1,1,0.2,0.5,0.6,0.5,0.35
"478",0.1,1,0.2,0.5,0.6,0.6,0.35
"479",0.1,1,0.2,0.5,0.7,0.2,0.35
"480",0.1,1,0.2,0.5,0.7,0.2,0.45
"481",0.1,1,0.2,0.5,0.7,0.3,0.35
"482",0.1,1,0.2,0.5,0.7,0.3,0.5
"483",0.1,1,0.2,0.5,0.7,0.4,0.35
"484",0.1,1,0.2,0.5,0.7,0.5,0.35
"485",0.1,1,0.2,0.5,0.7,0.6,0.35
"486",0.1,1,0.2,0.5,0.8,0.2,0.45
"487",0.1,1,0.2,0.5,0.8,0.3,0.5
"488",0.1,1,0.2,0.5,0.9,0.2,0.45
"489",0.1,1,0.2,0.5,0.9,0.3,0.5
"490",0.1,1,0.2,0.5,0,0.1,0.4
"491",0.1,1,0.2,0.5,0,0.2,0.35
"492",0.1,1,0.2,0.5,0,0.2,0.45
"493",0.1,1,0.2,0.5,0,0.3,0.35
"494",0.1,1,0.2,0.5,0,0.3,0.5
"495",0.1,1,0.2,0.5,0,0.4,0.35
"496",0.1,1,0.2,0.5,0,0.5,0.35
"497",0.1,1,0.2,0.5,0,0.6,0.35
"498",0.1,1,0.2,0.5,1,0.2,0.45
"499",0.1,1,0.2,0.5,1,0.3,0.5
"500",0.2,1,0.1,0.5,0.1,0.1,0.3
"501",0.2,1,0.1,0.5,0.1,0.1,0.35
"502",0.2,1,0.1,0.5,0.1,0.1,0.5
"503",0.2,1,0.1,0.5,0.1,0.2,0.3
"504",0.2,1,0.1,0.5,0.1,0.3,0.4
"505",0.2,1,0.1,0.5,0.1,0.4,0.4
"506",0.2,1,0.1,0.5,0.2,0.1,0.3
"507",0.2,1,0.1,0.5,0.2,0.1,0.35
"508",0.2,1,0.1,0.5,0.2,0.1,0.5
"509",0.2,1,0.1,0.5,0.2,0.2,0.3
"510",0.2,1,0.1,0.5,0.2,0.3,0.4
"511",0.2,1,0.1,0.5,0.2,0.4,0.4
"512",0.2,1,0.1,0.5,0.3,0.1,0.3
"513",0.2,1,0.1,0.5,0.3,0.1,0.35
"514",0.2,1,0.1,0.5,0.3,0.1,0.5
"515",0.2,1,0.1,0.5,0.3,0.2,0.3
"516",0.2,1,0.1,0.5,0.3,0.3,0.4
"517",0.2,1,0.1,0.5,0.3,0.4,0.4
"518",0.2,1,0.1,0.5,0.4,0.1,0.35
"519",0.2,1,0.1,0.5,0.4,0.1,0.5
"520",0.2,1,0.1,0.5,0.4,0.3,0.4
"521",0.2,1,0.1,0.5,0.4,0.4,0.4
"522",0.2,1,0.1,0.5,0.5,0.1,0.5
"523",0.2,1,0.1,0.5,0.5,0.3,0.4
"524",0.2,1,0.1,0.5,0.5,0.4,0.4
"525",0.2,1,0.1,0.5,0.6,0.1,0.5
"526",0.2,1,0.1,0.5,0.6,0.3,0.4
"527",0.2,1,0.1,0.5,0.6,0.4,0.4
"528",0.2,1,0.1,0.5,0.7,0.1,0.5
"529",0.2,1,0.1,0.5,0.7,0.3,0.4
"530",0.2,1,0.1,0.5,0.7,0.4,0.4
"531",0.2,1,0.1,0.5,0.8,0.3,0.4
"532",0.2,1,0.1,0.5,0.8,0.4,0.4
"533",0.2,1,0.1,0.5,0.9,0.3,0.4
"534",0.2,1,0.1,0.5,0.9,0.4,0.4
"535",0.2,1,0.1,0.5,0,0.1,0.3
"536",0.2,1,0.1,0.5,0,0.1,0.35
"537",0.2,1,0.1,0.5,0,0.1,0.5
"538",0.2,1,0.1,0.5,0,0.2,0.3
"539",0.2,1,0.1,0.5,0,0.3,0.4
"540",0.2,1,0.1,0.5,0,0.4,0.4
"541",0.2,1,0.1,0.5,1,0.3,0.4
"542",0.2,1,0.1,0.5,1,0.4,0.4
"543",0.2,1,0.2,0.5,0.1,0.1,0.5
"544",0.2,1,0.2,0.5,0.1,0.2,0.5
"545",0.2,1,0.2,0.5,0.1,0.3,0.45
"546",0.2,1,0.2,0.5,0.1,0.4,0.45
"547",0.2,1,0.2,0.5,0.1,0.5,0.45
"548",0.2,1,0.2,0.5,0.1,0.6,0.45
"549",0.2,1,0.2,0.5,0.1,0.7,0.45
"550",0.2,1,0.2,0.5,0.1,0.8,0.45
"551",0.2,1,0.2,0.5,0.2,0.1,0.5
"552",0.2,1,0.2,0.5,0.2,0.2,0.5
"553",0.2,1,0.2,0.5,0.2,0.3,0.45
"554",0.2,1,0.2,0.5,0.2,0.4,0.45
"555",0.2,1,0.2,0.5,0.2,0.5,0.45
"556",0.2,1,0.2,0.5,0.2,0.6,0.45
"557",0.2,1,0.2,0.5,0.2,0.7,0.45
"558",0.2,1,0.2,0.5,0.2,0.8,0.45
"559",0.2,1,0.2,0.5,0.3,0.1,0.5
"560",0.2,1,0.2,0.5,0.3,0.2,0.5
"561",0.2,1,0.2,0.5,0.3,0.3,0.45
"562",0.2,1,0.2,0.5,0.3,0.4,0.45
"563",0.2,1,0.2,0.5,0.3,0.5,0.45
"564",0.2,1,0.2,0.5,0.3,0.6,0.45
"565",0.2,1,0.2,0.5,0.3,0.7,0.45
"566",0.2,1,0.2,0.5,0.3,0.8,0.45
"567",0.2,1,0.2,0.5,0.4,0.1,0.5
"568",0.2,1,0.2,0.5,0.4,0.2,0.5
"569",0.2,1,0.2,0.5,0.4,0.3,0.45
"570",0.2,1,0.2,0.5,0.4,0.4,0.45
"571",0.2,1,0.2,0.5,0.4,0.5,0.45
"572",0.2,1,0.2,0.5,0.4,0.6,0.45
"573",0.2,1,0.2,0.5,0.4,0.7,0.45
"574",0.2,1,0.2,0.5,0.4,0.8,0.45
"575",0.2,1,0.2,0.5,0.5,0.1,0.5
"576",0.2,1,0.2,0.5,0.5,0.2,0.5
"577",0.2,1,0.2,0.5,0.5,0.3,0.45
"578",0.2,1,0.2,0.5,0.5,0.4,0.45
"579",0.2,1,0.2,0.5,0.5,0.5,0.45
"580",0.2,1,0.2,0.5,0.5,0.6,0.45
"581",0.2,1,0.2,0.5,0.5,0.7,0.45
"582",0.2,1,0.2,0.5,0.5,0.8,0.45
"583",0.2,1,0.2,0.5,0.6,0.1,0.5
"584",0.2,1,0.2,0.5,0.6,0.2,0.5
"585",0.2,1,0.2,0.5,0.6,0.3,0.45
"586",0.2,1,0.2,0.5,0.6,0.4,0.45
"587",0.2,1,0.2,0.5,0.6,0.5,0.45
"588",0.2,1,0.2,0.5,0.6,0.6,0.45
"589",0.2,1,0.2,0.5,0.6,0.7,0.45
"590",0.2,1,0.2,0.5,0.6,0.8,0.45
"591",0.2,1,0.2,0.5,0.7,0.1,0.5
"592",0.2,1,0.2,0.5,0.7,0.2,0.5
"593",0.2,1,0.2,0.5,0.7,0.3,0.45
"594",0.2,1,0.2,0.5,0.7,0.4,0.45
"595",0.2,1,0.2,0.5,0.7,0.5,0.45
"596",0.2,1,0.2,0.5,0.7,0.6,0.45
"597",0.2,1,0.2,0.5,0.7,0.7,0.45
"598",0.2,1,0.2,0.5,0.7,0.8,0.45
"599",0.2,1,0.2,0.5,0.8,0.1,0.5
"600",0.2,1,0.2,0.5,0.8,0.2,0.5
"601",0.2,1,0.2,0.5,0.8,0.3,0.45
"602",0.2,1,0.2,0.5,0.8,0.4,0.45
"603",0.2,1,0.2,0.5,0.8,0.5,0.45
"604",0.2,1,0.2,0.5,0.8,0.6,0.45
"605",0.2,1,0.2,0.5,0.8,0.7,0.45
"606",0.2,1,0.2,0.5,0.8,0.8,0.45
"607",0.2,1,0.2,0.5,0.9,0.1,0.5
"608",0.2,1,0.2,0.5,0.9,0.2,0.5
"609",0.2,1,0.2,0.5,0.9,0.3,0.45
"610",0.2,1,0.2,0.5,0.9,0.4,0.45
"611",0.2,1,0.2,0.5,0.9,0.5,0.45
"612",0.2,1,0.2,0.5,0.9,0.6,0.45
"613",0.2,1,0.2,0.5,0.9,0.7,0.45
"614",0.2,1,0.2,0.5,0.9,0.8,0.45
"615",0.2,1,0.2,0.5,0,0.1,0.5
"616",0.2,1,0.2,0.5,0,0.2,0.5
"617",0.2,1,0.2,0.5,0,0.3,0.45
"618",0.2,1,0.2,0.5,0,0.4,0.45
"619",0.2,1,0.2,0.5,0,0.5,0.45
"620",0.2,1,0.2,0.5,0,0.6,0.45
"621",0.2,1,0.2,0.5,0,0.7,0.45
"622",0.2,1,0.2,0.5,0,0.8,0.45
"623",0.2,1,0.2,0.5,1,0.1,0.5
"624",0.2,1,0.2,0.5,1,0.2,0.5
"625",0.2,1,0.2,0.5,1,0.3,0.45
"626",0.2,1,0.2,0.5,1,0.4,0.45
"627",0.2,1,0.2,0.5,1,0.5,0.45
"628",0.2,1,0.2,0.5,1,0.6,0.45
"629",0.2,1,0.2,0.5,1,0.7,0.45
"630",0.2,1,0.2,0.5,1,0.8,0.45
"631",0.3,1,0.1,0.5,0.1,0.1,0.4
"632",0.3,1,0.1,0.5,0.1,0.1,0.45
"633",0.3,1,0.1,0.5,0.1,0.2,0.4
"634",0.3,1,0.1,0.5,0.1,0.2,0.45
"635",0.3,1,0.1,0.5,0.1,0.3,0.4
"636",0.3,1,0.1,0.5,0.2,0.1,0.4
"637",0.3,1,0.1,0.5,0.2,0.1,0.45
"638",0.3,1,0.1,0.5,0.2,0.2,0.4
"639",0.3,1,0.1,0.5,0.2,0.2,0.45
"640",0.3,1,0.1,0.5,0.2,0.3,0.4
"641",0.3,1,0.1,0.5,0.3,0.1,0.4
"642",0.3,1,0.1,0.5,0.3,0.1,0.45
"643",0.3,1,0.1,0.5,0.3,0.2,0.4
"644",0.3,1,0.1,0.5,0.3,0.2,0.45
"645",0.3,1,0.1,0.5,0.3,0.3,0.4
"646",0.3,1,0.1,0.5,0.4,0.1,0.4
"647",0.3,1,0.1,0.5,0.4,0.1,0.45
"648",0.3,1,0.1,0.5,0.4,0.2,0.4
"649",0.3,1,0.1,0.5,0.4,0.2,0.45
"650",0.3,1,0.1,0.5,0.4,0.3,0.4
"651",0.3,1,0.1,0.5,0.5,0.1,0.45
"652",0.3,1,0.1,0.5,0.5,0.2,0.4
"653",0.3,1,0.1,0.5,0.5,0.2,0.45
"654",0.3,1,0.1,0.5,0.5,0.3,0.4
"655",0.3,1,0.1,0.5,0.6,0.1,0.45
"656",0.3,1,0.1,0.5,0.6,0.2,0.4
"657",0.3,1,0.1,0.5,0.6,0.2,0.45
"658",0.3,1,0.1,0.5,0.6,0.3,0.4
"659",0.3,1,0.1,0.5,0.7,0.1,0.45
"660",0.3,1,0.1,0.5,0.7,0.2,0.45
"661",0.3,1,0.1,0.5,0.8,0.2,0.45
"662",0.3,1,0.1,0.5,0,0.1,0.4
"663",0.3,1,0.1,0.5,0,0.1,0.45
"664",0.3,1,0.1,0.5,0,0.2,0.4
"665",0.3,1,0.1,0.5,0,0.2,0.45
"666",0.3,1,0.1,0.5,0,0.3,0.4
"667",0,1,0.1,0.5,0.1,0.1,0.5
"668",0,1,0.1,0.5,0.2,0.1,0.5
"669",0,1,0.1,0.5,0.3,0.1,0.5
"670",0,1,0.1,0.5,0.4,0.1,0.5
"671",0,1,0.1,0.5,0.5,0.1,0.5
"672",0,1,0.1,0.5,0.6,0.1,0.5
"673",0,1,0.1,0.5,0.7,0.1,0.5
"674",0,1,0.1,0.5,0.8,0.1,0.5
"675",0,1,0.1,0.5,0.9,0.1,0.5
"676",0,1,0.1,0.5,0,0.1,0.5
"677",0,1,0.1,0.5,1,0.1,0.5
"678",0,1,0.2,0.5,0.1,0.1,0.45
"679",0,1,0.2,0.5,0.1,0.2,0.3
"680",0,1,0.2,0.5,0.2,0.1,0.45
"681",0,1,0.2,0.5,0.2,0.2,0.3
"682",0,1,0.2,0.5,0.3,0.1,0.45
"683",0,1,0.2,0.5,0.3,0.2,0.3
"684",0,1,0.2,0.5,0.4,0.1,0.45
"685",0,1,0.2,0.5,0.5,0.1,0.45
"686",0,1,0.2,0.5,0.6,0.1,0.45
"687",0,1,0.2,0.5,0.7,0.1,0.45
"688",0,1,0.2,0.5,0.8,0.1,0.45
"689",0,1,0.2,0.5,0.9,0.1,0.45
"690",0,1,0.2,0.5,0,0.1,0.45
"691",0,1,0.2,0.5,0,0.2,0.3
"692",0,1,0.3,0.5,0.1,0.2,0.45
"693",0,1,0.3,0.5,0.2,0.2,0.45
"694",0,1,0.3,0.5,0.3,0.2,0.45
"695",0,1,0.3,0.5,0.4,0.2,0.45
"696",0,1,0.3,0.5,0.5,0.2,0.45
"697",0,1,0.3,0.5,0.6,0.2,0.45
"698",0,1,0.3,0.5,0.7,0.2,0.45
"699",0,1,0.3,0.5,0.8,0.2,0.45
"700",0,1,0.3,0.5,0.9,0.2,0.45
"701",0,1,0.3,0.5,0,0.2,0.45
"702",0.1,1,0.1,1,0.1,0.1,0.35
"703",0.1,1,0.1,1,0.1,0.2,0.25
"704",0.1,1,0.1,1,0.1,0.2,0.4
"705",0.1,1,0.1,1,0.1,0.3,0.45
"706",0.1,1,0.1,1,0.1,0.4,0.3
"707",0.1,1,0.1,1,0.2,0.1,0.35
"708",0.1,1,0.1,1,0.2,0.2,0.4
"709",0.1,1,0.1,1,0.2,0.3,0.45
"710",0.1,1,0.1,1,0.2,0.4,0.3
"711",0.1,1,0.1,1,0.3,0.2,0.4
"712",0.1,1,0.1,1,0.3,0.3,0.45
"713",0.1,1,0.1,1,0.4,0.2,0.4
"714",0.1,1,0.1,1,0.4,0.3,0.45
"715",0.1,1,0.1,1,0.5,0.3,0.45
"716",0.1,1,0.1,1,0.6,0.3,0.45
"717",0.1,1,0.1,1,0,0.1,0.35
"718",0.1,1,0.1,1,0,0.2,0.25
"719",0.1,1,0.1,1,0,0.2,0.4
"720",0.1,1,0.1,1,0,0.3,0.45
"721",0.1,1,0.1,1,0,0.4,0.3
"722",0.1,1,0.2,1,0.1,0.1,0.4
"723",0.1,1,0.2,1,0.1,0.2,0.35
"724",0.1,1,0.2,1,0.1,0.2,0.45
"725",0.1,1,0.2,1,0.1,0.3,0.35
"726",0.1,1,0.2,1,0.1,0.3,0.5
"727",0.1,1,0.2,1,0.1,0.4,0.35
"728",0.1,1,0.2,1,0.1,0.5,0.35
"729",0.1,1,0.2,1,0.1,0.6,0.35
"730",0.1,1,0.2,1,0.2,0.1,0.4
"731",0.1,1,0.2,1,0.2,0.2,0.35
"732",0.1,1,0.2,1,0.2,0.2,0.45
"733",0.1,1,0.2,1,0.2,0.3,0.35
"734",0.1,1,0.2,1,0.2,0.3,0.5
"735",0.1,1,0.2,1,0.2,0.4,0.35
"736",0.1,1,0.2,1,0.2,0.5,0.35
"737",0.1,1,0.2,1,0.2,0.6,0.35
"738",0.1,1,0.2,1,0.3,0.1,0.4
"739",0.1,1,0.2,1,0.3,0.2,0.35
"740",0.1,1,0.2,1,0.3,0.2,0.45
"741",0.1,1,0.2,1,0.3,0.3,0.35
"742",0.1,1,0.2,1,0.3,0.3,0.5
"743",0.1,1,0.2,1,0.3,0.4,0.35
"744",0.1,1,0.2,1,0.3,0.5,0.35
"745",0.1,1,0.2,1,0.3,0.6,0.35
"746",0.1,1,0.2,1,0.4,0.2,0.45
"747",0.1,1,0.2,1,0.4,0.3,0.5
"748",0.1,1,0.2,1,0.5,0.2,0.45
"749",0.1,1,0.2,1,0.5,0.3,0.5
"750",0.1,1,0.2,1,0.6,0.2,0.45
"751",0.1,1,0.2,1,0.6,0.3,0.5
"752",0.1,1,0.2,1,0.7,0.3,0.5
"753",0.1,1,0.2,1,0.8,0.3,0.5
"754",0.1,1,0.2,1,0.9,0.3,0.5
"755",0.1,1,0.2,1,0,0.1,0.4
"756",0.1,1,0.2,1,0,0.2,0.35
"757",0.1,1,0.2,1,0,0.2,0.45
"758",0.1,1,0.2,1,0,0.3,0.35
"759",0.1,1,0.2,1,0,0.3,0.5
"760",0.1,1,0.2,1,0,0.4,0.35
"761",0.1,1,0.2,1,0,0.5,0.35
"762",0.1,1,0.2,1,0,0.6,0.35
"763",0.2,1,0.1,1,0.1,0.1,0.3
"764",0.2,1,0.1,1,0.1,0.1,0.35
"765",0.2,1,0.1,1,0.1,0.1,0.5
"766",0.2,1,0.1,1,0.1,0.2,0.3
"767",0.2,1,0.1,1,0.1,0.3,0.4
"768",0.2,1,0.1,1,0.1,0.4,0.4
"769",0.2,1,0.1,1,0.2,0.1,0.35
"770",0.2,1,0.1,1,0.2,0.1,0.5
"771",0.2,1,0.1,1,0.2,0.3,0.4
"772",0.2,1,0.1,1,0.2,0.4,0.4
"773",0.2,1,0.1,1,0.3,0.1,0.5
"774",0.2,1,0.1,1,0.3,0.3,0.4
"775",0.2,1,0.1,1,0.3,0.4,0.4
"776",0.2,1,0.1,1,0.4,0.3,0.4
"777",0.2,1,0.1,1,0.4,0.4,0.4
"778",0.2,1,0.1,1,0.5,0.3,0.4
"779",0.2,1,0.1,1,0.5,0.4,0.4
"780",0.2,1,0.1,1,0,0.1,0.3
"781",0.2,1,0.1,1,0,0.1,0.35
"782",0.2,1,0.1,1,0,0.1,0.5
"783",0.2,1,0.1,1,0,0.2,0.3
"784",0.2,1,0.1,1,0,0.3,0.4
"785",0.2,1,0.1,1,0,0.4,0.4
"786",0.2,1,0.2,1,0.1,0.1,0.5
"787",0.2,1,0.2,1,0.1,0.2,0.5
"788",0.2,1,0.2,1,0.1,0.3,0.45
"789",0.2,1,0.2,1,0.1,0.4,0.45
"790",0.2,1,0.2,1,0.1,0.5,0.45
"791",0.2,1,0.2,1,0.1,0.6,0.45
"792",0.2,1,0.2,1,0.1,0.7,0.45
"793",0.2,1,0.2,1,0.1,0.8,0.45
"794",0.2,1,0.2,1,0.2,0.1,0.5
"795",0.2,1,0.2,1,0.2,0.2,0.5
"796",0.2,1,0.2,1,0.2,0.3,0.45
"797",0.2,1,0.2,1,0.2,0.4,0.45
"798",0.2,1,0.2,1,0.2,0.5,0.45
"799",0.2,1,0.2,1,0.2,0.6,0.45
"800",0.2,1,0.2,1,0.2,0.7,0.45
"801",0.2,1,0.2,1,0.2,0.8,0.45
"802",0.2,1,0.2,1,0.3,0.1,0.5
"803",0.2,1,0.2,1,0.3,0.2,0.5
"804",0.2,1,0.2,1,0.3,0.3,0.45
"805",0.2,1,0.2,1,0.3,0.4,0.45
"806",0.2,1,0.2,1,0.3,0.5,0.45
"807",0.2,1,0.2,1,0.3,0.6,0.45
"808",0.2,1,0.2,1,0.3,0.7,0.45
"809",0.2,1,0.2,1,0.3,0.8,0.45
"810",0.2,1,0.2,1,0.4,0.1,0.5
"811",0.2,1,0.2,1,0.4,0.2,0.5
"812",0.2,1,0.2,1,0.4,0.3,0.45
"813",0.2,1,0.2,1,0.4,0.4,0.45
"814",0.2,1,0.2,1,0.4,0.5,0.45
"815",0.2,1,0.2,1,0.4,0.6,0.45
"816",0.2,1,0.2,1,0.4,0.7,0.45
"817",0.2,1,0.2,1,0.4,0.8,0.45
"818",0.2,1,0.2,1,0.5,0.1,0.5
"819",0.2,1,0.2,1,0.5,0.2,0.5
"820",0.2,1,0.2,1,0.5,0.3,0.45
"821",0.2,1,0.2,1,0.5,0.4,0.45
"822",0.2,1,0.2,1,0.5,0.5,0.45
"823",0.2,1,0.2,1,0.5,0.6,0.45
"824",0.2,1,0.2,1,0.5,0.7,0.45
"825",0.2,1,0.2,1,0.5,0.8,0.45
"826",0.2,1,0.2,1,0.6,0.1,0.5
"827",0.2,1,0.2,1,0.6,0.2,0.5
"828",0.2,1,0.2,1,0.7,0.2,0.5
"829",0.2,1,0.2,1,0,0.1,0.5
"830",0.2,1,0.2,1,0,0.2,0.5
"831",0.2,1,0.2,1,0,0.3,0.45
"832",0.2,1,0.2,1,0,0.4,0.45
"833",0.2,1,0.2,1,0,0.5,0.45
"834",0.2,1,0.2,1,0,0.6,0.45
"835",0.2,1,0.2,1,0,0.7,0.45
"836",0.2,1,0.2,1,0,0.8,0.45
"837",0.3,1,0.1,1,0.1,0.1,0.4
"838",0.3,1,0.1,1,0.1,0.1,0.45
"839",0.3,1,0.1,1,0.1,0.2,0.4
"840",0.3,1,0.1,1,0.1,0.2,0.45
"841",0.3,1,0.1,1,0.1,0.3,0.4
"842",0.3,1,0.1,1,0.2,0.1,0.4
"843",0.3,1,0.1,1,0.2,0.1,0.45
"844",0.3,1,0.1,1,0.2,0.2,0.4
"845",0.3,1,0.1,1,0.2,0.2,0.45
"846",0.3,1,0.1,1,0.2,0.3,0.4
"847",0.3,1,0.1,1,0.3,0.1,0.45
"848",0.3,1,0.1,1,0.3,0.2,0.4
"849",0.3,1,0.1,1,0.3,0.2,0.45
"850",0.3,1,0.1,1,0.3,0.3,0.4
"851",0.3,1,0.1,1,0.4,0.2,0.45
"852",0.3,1,0.1,1,0,0.1,0.4
"853",0.3,1,0.1,1,0,0.1,0.45
"854",0.3,1,0.1,1,0,0.2,0.4
"855",0.3,1,0.1,1,0,0.2,0.45
"856",0.3,1,0.1,1,0,0.3,0.4
"857",0,1,0.1,1,0.1,0.1,0.5
"858",0,1,0.1,1,0.2,0.1,0.5
"859",0,1,0.1,1,0.3,0.1,0.5
"860",0,1,0.1,1,0.4,0.1,0.5
"861",0,1,0.1,1,0.5,0.1,0.5
"862",0,1,0.1,1,0,0.1,0.5
"863",0,1,0.2,1,0.1,0.1,0.45
"864",0,1,0.2,1,0.1,0.2,0.3
"865",0,1,0.2,1,0.2,0.1,0.45
"866",0,1,0.2,1,0.3,0.1,0.45
"867",0,1,0.2,1,0.4,0.1,0.45
"868",0,1,0.2,1,0,0.1,0.45
"869",0,1,0.2,1,0,0.2,0.3
"870",0,1,0.3,1,0.1,0.2,0.45
"871",0,1,0.3,1,0.2,0.2,0.45
"872",0,1,0.3,1,0.3,0.2,0.45
"873",0,1,0.3,1,0.4,0.2,0.45
"874",0,1,0.3,1,0,0.2,0.45
